payment_id,stream,amount_db,user_id,full_name,username,created_at,txn_id,provider,bank_payer,bank_receiver,bank_amount,bank_status,is_verified,verification_state,amount_difference,within_tolerance,is_duplicate,duplicate_of_pid,flagged,flagged_reason,screenshot_filename,scanned_at
525,product_sales,299.0,6114846702,Ansar man,N/A,2026-08-08 17:58,SUCCESSFULLY,Generic,Unknown Payer,Hilawe Sema Melese,0.0,Unverified,False,unavailable,0.0,True,False,,True,Underpayment Reconciled: DB adjusted from 399 to 299 ETB to match slip,399Br._id_525_user_6114846702.jpg,2026-09-17 13:50:14
523,product_sales,399.0,1330888618,Biruk,Biruk_414,2026-08-08 07:23,FT262205JH8T,CBE,Mr Biruk Zelalem Adisu,Hilawe Sema Melese,500.0,Verified,True,verified,-101.0,False,False,,True,"AMOUNT MISMATCH: DB had 399.00 ETB, Bank settled 500.00 ETB (Gap: -101.00 ETB)",399Br._id_523_user_1330888618.jpg,2026-09-17 13:50:16
527,product_sales,400.0,1732372078,Alferid,muazhussen,2026-08-09 11:55,FT26221FZ2FM,CBE,Mr Alferid Hussien Ahmed,Hilawe Sema Melese,400.0,Verified,True,verified,0.0,True,False,,False,,400Br._id_527_user_1732372078.jpg,2026-09-17 13:50:25
529,product_sales,649.0,1669738968,Nebiyu D,neba_daniel,2026-08-09 19:00,FT26222JMYRS,CBE,Nebiyu Daniel,Hilawe Sema Melese,649.0,Verified,True,verified,0.0,True,False,,False,,649Br._id_529_user_1669738968.jpg,2026-09-17 13:50:27
530,product_sales,649.0,8268180482,Lion,N/A,2026-08-09 21:12,FT26222F1T9R,CBE,Hayider Munir Nassir,Hilawe Sema Melese,649.0,Verified,True,verified,0.0,True,False,,False,,649Br._id_530_user_8268180482.jpg,2026-09-17 13:50:28
532,product_sales,649.0,433536531,Anwar A,N/A,2026-08-10 16:35,FT26222WG5FD,CBE,Mr Anwar Adem Ali,Hilawe Sema Melese,649.0,Verified,True,verified,0.0,True,False,,False,,649Br._id_532_user_433536531.jpg,2026-09-17 13:50:38
531,product_sales,749.0,6525733845,Eyob,Eyo79h,2026-08-10 15:17,FT26222TF13X,CBE,Mr Jemal Hussen Megersa,Hilawe Sema Melese,749.0,Verified,True,verified,0.0,True,False,,False,,749Br._id_531_user_6525733845.jpg,2026-09-17 13:50:38
74,club_payments,299.0,1854208967,Miss,misr121,2026-08-10 19:22,FT26223YZG6R,CBE,Misrak Abebe Melaku,Hilawe Sema Melese,299.0,Verified,True,verified,0.0,True,False,,False,,299Br._id_74_user_1854208967.jpg,2026-09-17 13:50:44
76,club_payments,299.0,8080580003,abr s,abr_t75,2026-08-11 17:07,FT26223TZ256,CBE,Abreham Wochefo Sisay,Hilawe Sema Melese,299.0,Verified,True,verified,0.0,True,False,,False,,299Br._id_76_user_8080580003.jpg,2026-09-17 13:50:52
75,club_payments,299.0,7330282409,𝔹𝕖𝕟𝕛𝕒𝕞𝕚𝕟,Ben_j_a_m_i_n,2026-08-11 05:04,DHBSOVAGTH,Telebirr,Unknown Payer,Hilawe Sema Melese,0.0,Unverified,False,unavailable,0.0,True,False,,False,,299Br._id_75_user_7330282409.jpg,2026-09-17 13:50:54
534,product_sales,949.0,8105922331,Hema,Hermela_Tilahun,2026-08-13 21:47,DHE8RNXXSY,Telebirr,Hermela Tilahun Reta,Mr Hilawe Semma Melesse,949.0,Completed,True,verified,0.0,True,False,,False,,949Br._id_534_user_8105922331.jpg,2026-09-17 13:50:59
77,club_payments,299.0,6980397719,Nizam,NIZAM_4X,2026-08-13 17:31,ABDULKEDIR,CBE,Unknown Payer,Hilawe Sema Melese,0.0,Unverified,False,unavailable,0.0,True,False,,False,,299Br._id_77_user_6980397719.jpg,2026-09-17 13:51:03
535,product_sales,949.0,625104805,Meron Fantu,merifantu,2026-08-15 10:10,FT26227593W9,CBE,Meron Fantu Manhaile,Hilawe Sema Melese,946.0,Verified,True,verified,3.0,True,False,,False,,949Br._id_535_user_625104805.jpg,2026-09-17 13:51:07
537,product_sales,399.0,521889797,J@k Double Infinitive,N/A,2026-08-16 15:39,TRANSACTION,Generic,Unknown Payer,Hilawe Sema Melese,0.0,Unverified,False,unavailable,0.0,True,False,,False,,399Br._id_537_user_521889797.jpg,2026-09-17 13:51:14
536,product_sales,949.0,6165656804,Yetime Feleke,N/A,2026-08-16 14:43,FT26228KZWBJ,CBE,Yetimwerk Feleke Mamo,Hilawe Sema Melese,949.0,Verified,True,verified,0.0,True,False,,False,,949Br._id_536_user_6165656804.jpg,2026-09-17 13:51:15
538,product_sales,399.0,790355468,Tes Hab,N/A,2026-08-16 17:24,FT26229YTCGB,CBE,Tesfai Habteab Tesfai,Hilawe Sema Melese,400.0,Verified,True,verified,-1.0,True,False,,False,,399Br._id_538_user_790355468.jpg,2026-09-17 13:51:17
540,product_sales,399.0,8317237692,Biruk,Biruk_sii,2026-08-16 20:48,FT26229MM3SV,CBE,Unknown Payer,Hilawe Sema Melese,0.0,Unverified,False,unavailable,0.0,True,False,,False,,399Br._id_540_user_8317237692.jpg,2026-09-17 13:51:19
541,product_sales,399.0,8317237692,Biruk,Biruk_sii,2026-08-16 20:52,FT26229MM3SV,CBE,Unknown Payer,Hilawe Sema Melese,0.0,Unverified,False,unavailable,0.0,True,True,540,True,REPLAY DUPLICATE of PID #540 - REVOKED & REJECTED in database,399Br._id_541_user_8317237692.jpg,2026-09-17 13:51:22
539,product_sales,949.0,640978864,Betty✨✨,Betayni,2026-08-16 19:46,DHG6UEKQBK,Telebirr,Bethlehem Muluken Israel,Hilawe Sema,949.0,Completed,True,unavailable,0.0,True,False,,False,,949Br._id_539_user_640978864.jpg,2026-09-17 13:51:22
542,product_sales,399.0,5861262834,Ferej Salih,ferejs,2026-08-16 22:05,FT262295KD2T,CBE,Unknown Payer,Hilawe Sema Melese,0.0,Unverified,False,unavailable,0.0,True,False,,False,,399Br._id_542_user_5861262834.jpg,2026-09-17 13:51:27
78,club_payments,299.0,6165656804,Yetime Feleke,N/A,2026-08-16 15:21,FT262285F5X2,CBE,Yetimwerk Feleke Mamo,Hilawe Sema Melese,299.0,Verified,True,verified,0.0,True,False,,False,,299Br._id_78_user_6165656804.jpg,2026-09-17 13:51:32
544,product_sales,399.0,920852789,Sdot🦦,Notti05,2026-08-17 07:28,CZ09ZS42QC,CBE,Unknown Payer,Hilawe Sema Melese,0.0,Unverified,False,unavailable,0.0,True,False,,False,,399Br._id_544_user_920852789.jpg,2026-09-17 13:51:44
545,product_sales,399.0,7330282409,𝔹𝕖𝕟𝕛𝕒𝕞𝕚𝕟,Ben_j_a_m_i_n,2026-08-17 16:29,DHH3V6C2VB,Telebirr,Biniam Azene Fenetie,Hilawe Sema,399.0,Completed,True,unavailable,0.0,True,False,,False,,399Br._id_545_user_7330282409.jpg,2026-09-17 13:51:44
546,product_sales,399.0,6437406737,Ĥæbť€§ĥ Măŋ🥠,HabtamuAyansa,2026-08-17 17:09,FT262299DMWT,CBE,Habtamu Ayansa Demesa,Hilawe Sema Melese,399.0,Verified,True,verified,0.0,True,False,,False,,399Br._id_546_user_6437406737.jpg,2026-09-17 13:51:49
543,product_sales,399.0,1912860526,Anti Alador,N/A,2026-08-17 04:40,DHH1UIA7PL,Telebirr,Anteneh Demelash Niguse,Hilawe Sema,400.0,Completed,True,unavailable,0.0,True,False,,False,,399Br._id_543_user_1912860526.jpg,2026-09-17 13:51:49
548,product_sales,399.0,889730660,Haile Calachew,N/A,2026-08-17 18:32,REGISTRATION,CBE,Unknown Payer,Hilawe Sema Melese,0.0,Unverified,False,unavailable,0.0,True,False,,False,,399Br._id_548_user_889730660.jpg,2026-09-17 13:51:49
547,product_sales,399.0,1076933751,Ezra Jo,Negestua,2026-08-17 17:30,FT26229TPP9G,CBE,Ezira Mekuanint Sisay,Hilawe Sema Melese,400.0,Verified,True,verified,-1.0,True,False,,False,,399Br._id_547_user_1076933751.jpg,2026-09-17 13:51:57
551,product_sales,399.0,544080192,🅱🅸🆁🆄🅺🎼 🆃🅰🆈🅴,BurayeTs,2026-08-17 19:37,FT26230QOWRV,CBE,Unknown Payer,Hilawe Sema Melese,0.0,Unverified,False,unavailable,0.0,True,False,,False,,399Br._id_551_user_544080192.jpg,2026-09-17 13:51:58
549,product_sales,399.0,6907432747,Asaye Agona,N/A,2026-08-17 19:00,FT26230R9MRJ,CBE,Mr Asaye Bahiru Agone,Hilawe Sema Melese,400.0,Verified,True,verified,-1.0,True,False,,False,,399Br._id_549_user_6907432747.jpg,2026-09-17 13:51:59
550,product_sales,399.0,7758177630,..,Selukal,2026-08-17 19:22,FT262304Y17K,CBE,Sudeys Nurye Seid,Hilawe Sema Melese,399.0,Verified,True,verified,0.0,True,False,,False,,399Br._id_550_user_7758177630.jpg,2026-09-17 13:52:01
79,club_payments,299.0,5794027293,Nura Mohammedsiraj,Umujulase,2026-08-17 11:27,FT26229SY867,CBE,Mr Nura Muhammedsiraj Adem,Hilawe Sema Melese,299.0,Verified,True,verified,0.0,True,False,,False,,299Br._id_79_user_5794027293.jpg,2026-09-17 13:52:07
552,product_sales,949.0,7783803812,Mohammed,N/A,2026-08-18 08:42,FT26230L57F6,CBE,Mohammed Seid Mustefa,Hilawe Sema Melese,0.0,Unverified,False,unavailable,0.0,True,False,,False,,949Br._id_552_user_7783803812.jpg,2026-09-17 13:52:10
555,product_sales,949.0,357418567,Semira Seid,N/A,2026-08-20 12:51,FT26232T9HF9,CBE,Semira Seid Mohammed,Hilawe Sema Melese,949.0,Verified,True,verified,0.0,True,False,,False,,949Br._id_555_user_357418567.jpg,2026-09-17 13:52:16
554,product_sales,949.0,5125660559,𝙟𝙪𝙡𝙚𝙮𝙗𝙞𝙗,Juleybib_Ahmedin,2026-08-20 10:25,DHKIOMESPI,Telebirr,Unknown Payer,Hilawe Sema Melese,0.0,Unverified,False,unavailable,0.0,True,False,,False,,949Br._id_554_user_5125660559.jpg,2026-09-17 13:52:18
558,product_sales,949.0,6830403812,Eske,N/A,2026-08-21 19:06,FT262347FN8D,CBE,Eskindir Temesgen Damtew,Hilawe Sema Melese,950.0,Verified,True,verified,-1.0,True,False,,False,,949Br._id_558_user_6830403812.jpg,2026-09-17 13:52:23
556,product_sales,399.0,415670603,Eyosias Ababu,Eyos2004,2026-08-21 15:33,FT26233ZN5FX,CBE,Unknown Payer,Hilawe Sema Melese,0.0,Unverified,False,unavailable,0.0,True,False,,False,,399Br._id_556_user_415670603.jpg,2026-09-17 13:52:24
557,product_sales,399.0,6883511483,Y J,Jhon191121,2026-08-21 16:18,CTT262339TJOT,CBE,Unknown Payer,Hilawe Sema Melese,0.0,Unverified,False,unavailable,0.0,True,False,,False,,399Br._id_557_user_6883511483.jpg,2026-09-17 13:52:24
560,product_sales,399.0,7631863878,Nati Dm,N/A,2026-08-22 16:23,FT26234FLFFS,CBE,Mr Natnael Demtse Jemberie,Hilawe Sema Melese,400.0,Verified,True,verified,-1.0,True,False,,False,,399Br._id_560_user_7631863878.jpg,2026-09-17 13:52:28
559,product_sales,399.0,8070692860,temu,TEmuhayli,2026-08-22 04:56,FT26234P7LLN,CBE,Mr Temesgen Hailemichael Melkamu,Hilawe Sema Melese,400.0,Verified,True,verified,-1.0,True,False,,False,,399Br._id_559_user_8070692860.jpg,2026-09-17 13:52:28
561,product_sales,399.0,381134388,Samson kebede,SAMKET9,2026-08-22 16:24,FT262342C82K,CBE,Samson Kebede Tesema,Hilawe Sema Melese,400.0,Verified,True,verified,-1.0,True,False,,False,,399Br._id_561_user_381134388.jpg,2026-09-17 13:52:29
562,product_sales,399.0,5935989382,Henok,Captain_DF10DDB,2026-08-22 16:26,FT26234B6HL1,CBE,Mr Henok Birhanu Solomon,Hilawe Sema Melese,400.0,Verified,True,verified,-1.0,True,False,,False,,399Br._id_562_user_5935989382.jpg,2026-09-17 13:52:30
563,product_sales,399.0,8530364904,Wub,N/A,2026-08-22 16:51,FT26234LT383,CBE,Unknown Payer,Hilawe Sema Melese,0.0,Unverified,False,unavailable,0.0,True,False,,False,,399Br._id_563_user_8530364904.jpg,2026-09-17 13:52:31
564,product_sales,399.0,8566497914,48550,N/A,2026-08-22 17:27,FT26235QVVJN,CBE,Mr Hagos Nguse Abera,Hilawe Sema Melese,400.0,Verified,True,verified,-1.0,True,False,,False,,399Br._id_564_user_8566497914.jpg,2026-09-17 13:52:31
567,product_sales,399.0,401408409,Beki-ab Demoz,N/A,2026-08-23 18:37,FT26236XQWTJ,CBE,Bereketeab Demoz W/Aregay,Hilawe Sema Melese,399.0,Verified,True,verified,0.0,True,False,,False,,399Br._id_567_user_401408409.jpg,2026-09-17 13:52:37
568,product_sales,399.0,5749615771,$$$$,N/A,2026-08-23 19:49,FT262361DNNR,CBE,Mr Daniel Fikru Lislsie,Hilawe Sema Melese,400.0,Verified,True,verified,-1.0,True,False,,False,,399Br._id_568_user_5749615771.jpg,2026-09-17 13:52:37
565,product_sales,399.0,471528015,Fitsum A,N/A,2026-08-23 05:43,FT26235MZ10D,CBE,Mr Fitsum Tamene Abreha,Hilawe Sema Melese,400.0,Verified,True,verified,-1.0,True,False,,False,,399Br._id_565_user_471528015.jpg,2026-09-17 13:52:37
571,product_sales,399.0,1101132399,Ada,Addisu_24,2026-08-24 14:30,Not Detected,Generic,Unknown,Hilawe Sema,0.0,Not Verified,False,unverified,0.0,True,False,,False,,399Br._id_571_user_1101132399.jpg,2026-09-17 13:52:38
570,product_sales,399.0,1294523190,Emperor,Kira19abi,2026-08-24 11:44,FT26236D9B01,CBE,Mr Kirubel Asfaw Takele,Hilawe Sema Melese,399.0,Verified,True,verified,0.0,True,False,,False,,399Br._id_570_user_1294523190.jpg,2026-09-17 13:52:41
81,club_payments,299.0,412951364,Эуоьа Hib🏊🏽‍♂️,Eyomit,2026-08-25 18:02,FT262382481X,CBE,Unknown Payer,Hilawe Sema Melese,0.0,Unverified,False,unavailable,0.0,True,False,,False,,299Br._id_81_user_412951364.jpg,2026-09-17 13:52:45
82,club_payments,299.0,6350143956,Hanu H,HanuHaile,2026-08-25 18:43,FT26238NXNCW,CBE,Miss Hanan Haileyesus Kebede,Hilawe Sema Melese,299.0,Verified,True,verified,0.0,True,False,,False,,299Br._id_82_user_6350143956.jpg,2026-09-17 13:52:46
83,club_payments,299.0,291573964,Hiwote Tadesse,htadesse,2026-08-25 18:54,FT26238KPG11,CBE,Hiwot Tadesse Guta,Hilawe Sema Melese,299.0,Verified,True,verified,0.0,True,False,,False,,299Br._id_83_user_291573964.jpg,2026-09-17 13:52:46
572,product_sales,949.0,5191311098,Mahi Seid,N/A,2026-08-26 15:39,FT26238TDDSN,CBE,Hadira Zeynu Said,Hilawe Sema Melese,949.0,Verified,True,verified,0.0,True,False,,False,,949Br._id_572_user_5191311098.jpg,2026-09-17 13:52:49
573,product_sales,949.0,8883501852,Ãbělu 💀,N/A,2026-08-27 03:56,DHR774MI6F,Telebirr,Unknown Payer,Hilawe Sema Melese,0.0,Unverified,False,unavailable,0.0,True,False,,False,,949Br._id_573_user_8883501852.jpg,2026-09-17 13:52:52
84,club_payments,299.0,8883501852,Ãbělu 💀,N/A,2026-08-27 04:02,DHR174PWZ3,Telebirr,Abenezer Abayneh Tseda,Mr Hilawe Semma Melesse,300.0,Completed,True,verified,-1.0,True,False,,False,,299Br._id_84_user_8883501852.jpg,2026-09-17 13:53:00
574,product_sales,399.0,472934178,ቃልብቻ ተናገር,N/A,2026-08-29 16:26,FT2624116K2C,CBE,Adugnaw Mulu Asegie,Hilawe Sema Melese,399.0,Verified,True,verified,0.0,True,False,,False,,399Br._id_574_user_472934178.jpg,2026-09-17 13:53:06
575,product_sales,399.0,6022700964,MIKIles,N/A,2026-08-29 19:48,FT26242108K1,CBE,Mikeyas Tsegaye Regede,Hilawe Sema Melese,400.0,Verified,True,verified,-1.0,True,False,,False,,399Br._id_575_user_6022700964.jpg,2026-09-17 13:53:06
576,product_sales,399.0,1794146521,Lolita,Loli8ta,2026-08-29 22:47,FT26242KCCQV,CBE,Betelihem Nega W/Tinsae,Hilawe Sema Melese,400.0,Verified,True,verified,-1.0,True,False,,False,,399Br._id_576_user_1794146521.jpg,2026-09-17 13:53:06
85,club_payments,299.0,472934178,ቃልብቻ ተናገር,N/A,2026-08-29 18:22,FT2624239727,CBE,Adugnaw Mulu Asegie,Hilawe Sema Melese,299.0,Verified,True,verified,0.0,True,False,,False,,299Br._id_85_user_472934178.jpg,2026-09-17 13:53:10
578,product_sales,949.0,7611580825,Dereje Tarekegn,N/A,2026-08-30 21:11,FT262432FWZ1,CBE,Dereje Tarekegn Tobo,Hilawe Sema Melese,950.0,Verified,True,verified,-1.0,True,False,,False,,949Br._id_578_user_7611580825.jpg,2026-09-17 13:53:14
580,product_sales,949.0,1011969493,Always be the best.,esmaelRedwan,2026-09-02 15:52,FT262456JTZ3,CBE,Esmael Reduwan Ejabo,Hilawe Sema Melese,940.0,Verified,True,verified,9.0,False,False,,True,"AMOUNT MISMATCH: DB had 949.00 ETB, Bank settled 940.00 ETB (Gap: +9.00 ETB)",949Br._id_580_user_1011969493.jpg,2026-09-17 13:53:20
581,product_sales,949.0,501105828,Wasihun,N/A,2026-09-02 19:07,DHV9C40AMR,Telebirr,Unknown Payer,Hilawe Sema Melese,0.0,Unverified,False,unavailable,0.0,True,False,,False,,949Br._id_581_user_501105828.jpg,2026-09-17 13:53:22
87,club_payments,299.0,6634261896,E ፩፫,N/A,2026-09-02 10:59,DI25DM43X5,Telebirr,Kidist Getachew Geberemdihin,Hilawe Sema Melese,299.0,Completed,True,unavailable,0.0,True,False,,False,,299Br._id_87_user_6634261896.jpg,2026-09-17 13:53:29
584,product_sales,399.0,7105612387,Nuuuuu,Nure8450,2026-09-05 18:26,FT26249S4X9Y,CBE,Mr Nuredin Yimam Abubker,Hilawe Sema Melese,400.0,Verified,True,verified,-1.0,True,False,,False,,399Br._id_584_user_7105612387.jpg,2026-09-17 13:53:32
583,product_sales,399.0,5762724729,Alex Berhane,N/A,2026-09-05 18:00,FT26249HH6MQ,CBE,Alexsander Birhane Kebede,Hilawe Sema Melese,399.0,Verified,True,verified,0.0,True,False,,False,,399Br._id_583_user_5762724729.jpg,2026-09-17 13:53:35
587,product_sales,399.0,474045077,Naol,Naka1621,2026-09-06 16:50,FT26249XPOMN,CBE,Unknown Payer,Hilawe Sema Melese,0.0,Unverified,False,unavailable,0.0,True,False,,False,,399Br._id_587_user_474045077.jpg,2026-09-17 13:53:39
585,product_sales,399.0,359746678,Natty Z,NathanielZebene,2026-09-06 07:40,FT26249YKG85,CBE,Natenael Zebene Sisay,Hilawe Sema Melese,399.0,Verified,True,verified,0.0,True,False,,False,,399Br._id_585_user_359746678.jpg,2026-09-17 13:53:39
586,product_sales,399.0,5321891963,💀,Yeshi_3a,2026-09-06 16:37,FT26249LYYZR,CBE,Ermiyas Mekonen Abebaw,Hilawe Sema Melese,400.0,Verified,True,verified,-1.0,True,False,,False,,399Br._id_586_user_5321891963.jpg,2026-09-17 13:53:40
588,product_sales,399.0,5955312075,Haftom Zerau,N/A,2026-09-07 04:49,FT26250G4RJP,CBE,Haftom Zereu Hagos,Hilawe Sema Melese,399.0,Verified,True,verified,0.0,True,False,,False,,399Br._id_588_user_5955312075.jpg,2026-09-17 13:53:44
590,product_sales,949.0,424210361,Haweten,haweten_g,2026-09-07 14:23,FT262508V4SD,CBE,Hawiten Girma Guluma,Hilawe Sema Melese,949.0,Verified,True,verified,0.0,True,False,,False,,949Br._id_590_user_424210361.jpg,2026-09-17 13:53:44
589,product_sales,399.0,8713717128,Meti Lemesa Jena,N/A,2026-09-07 07:32,FT26250ZV1VN,CBE,Meti Lemessa Jana,Hilawe Sema Melese,399.0,Verified,True,verified,0.0,True,False,,False,,399Br._id_589_user_8713717128.jpg,2026-09-17 13:53:45
591,product_sales,949.0,823771971,Nati🙃👑,Ufaa21,2026-09-07 17:51,FT26251CHW59,CBE,Natnael Hailu Teklesilase,Hilawe Sema Melese,0.0,Unverified,False,unavailable,0.0,True,False,,False,,949Br._id_591_user_823771971.jpg,2026-09-17 13:53:46
597,product_sales,399.0,7620962100,Miki Goytom,N/A,2026-09-10 17:22,FT26254QYGXJ,CBE,Mr Michael Goitom Gebremariam,Hilawe Sema Melese,400.0,Verified,True,verified,-1.0,True,False,,False,,399Br._id_597_user_7620962100.jpg,2026-09-17 13:53:51
594,product_sales,400.0,6209896803,مالك,N/A,2026-09-10 07:35,FT26253HLHMV,CBE,Abdilmalik Tofik Sirur,Hilawe Sema Melese,400.0,Verified,True,verified,0.0,True,False,,False,,400Br._id_594_user_6209896803.jpg,2026-09-17 13:53:51
596,product_sales,949.0,478316557,Miki Nigusse,micky_ni,2026-09-10 11:06,FT26253TK4Y7,CBE,Michael Nigussie Tamirat,Hilawe Sema Melese,949.0,Verified,True,verified,0.0,True,False,,False,,949Br._id_596_user_478316557.jpg,2026-09-17 13:53:52
598,product_sales,399.0,695741112,D B,klvdb2026,2026-09-10 17:23,FT26254WOGTS,CBE,Unknown Payer,Hilawe Sema Melese,0.0,Unverified,False,unavailable,0.0,True,False,,False,,399Br._id_598_user_695741112.jpg,2026-09-17 13:53:54
599,product_sales,399.0,758369002,€phrem ፩፮ 😃,Ephiz16,2026-09-10 17:30,FT26254Y8VT3,CBE,Efrem Birhanu Belew,Hilawe Sema Melese,399.0,Verified,True,verified,0.0,True,False,,False,,399Br._id_599_user_758369002.jpg,2026-09-17 13:53:55
595,product_sales,949.0,1960907082,Ãŷũb Ãbďũĺķďĩř,WHOAMI960,2026-09-10 09:10,FT2625315Z50,Generic,Ayub Abdulkadir,Hilawe Sema Melese,0.0,Unverified,False,unavailable,0.0,True,False,,False,,949Br._id_595_user_1960907082.jpg,2026-09-17 13:53:56
88,club_payments,299.0,758369002,€phrem ፩፮ 😃,Ephiz16,2026-09-15 07:22,FT26258SP7G8,CBE,Unknown Payer,Hilawe Sema Melese,0.0,Unverified,False,unavailable,0.0,True,False,,False,,299Br._id_88_user_758369002.jpg,2026-09-17 13:53:59
89,club_payments,299.0,8560867107,Łäłǎ ẞẽŵ,N/A,2026-09-17 09:03,FT26260TF27T,CBE,Unknown Payer,Hilawe Sema Melese,0.0,Unverified,False,unavailable,0.0,True,False,,False,,299Br._id_89_user_8560867107.jpg,2026-09-17 13:54:01
