Review_Num,Payment_ID,Stream,Date,DB_Amount_ETB,Actual_Amount_ETB,Bank,Payer_Name,Receiver_Account,Extracted_Txn_ID,Verdict,Severity,Telegram_User,Telegram_Username,Telegram_ID,Forensic_Notes
1,525,Sales,2026-08-08 17:58,299.0,299.0,CBE,Sufiyan Esmael Mohammed,Hilawe Sema (ETB-3641),CBE Transfer SMS,RECONCILED (299 Br),SUCCESS,Ansar man,N/A,6114846702,DB adjusted from 399 to 299 ETB to match CBE receipt. 100 ETB gap eliminated.
2,75,Club,2026-08-11 05:04,299.0,299.0,Telebirr,Benjamin / Biniam,Mr Hilawe Semma Melesse,DHBSOVAATH,GENUINE RECEIPT,SUCCESS,Benjamin,@Ben_j_a_m_i_n,7330282409,Valid Telebirr transfer. Veritas hit gateway 502 lag.
3,77,Club,2026-08-13 17:31,299.0,300.0,CBE,Firomsa Abdulkedir Mati,Hilawe Sema Melese (ETB-3641),Confirmed via CBE SMS,GENUINE RECEIPT,SUCCESS,Nizam,@NIZAM_4X,6980397719,Official CBE transfer SMS. 300 ETB sent for 299 ETB sub (+1 ETB).
4,537,Sales,2026-08-16 15:39,399.0,399.0,Awash Bank,Jemal SEID Abebe,HILAWE SEMA MELESE (1000599533641),Awash IPS Transfer,GENUINE RECEIPT,SUCCESS,J@k Double Infinitive,N/A,521889797,Official Awash Bank IPS transfer receipt. Full 399 ETB settled.
5,540,Sales,2026-08-16 20:48,399.0,400.0,Abyssinia,GEZAHEGN DEMEKE,HILAWE SEMMA MELESSE (53299555),FT26229MM3SV,GENUINE (1st Submission),SUCCESS,Biruk,@Biruk_sii,8317237692,Legitimate initial payment of 400 ETB for 399 ETB order.
6,541,Sales,2026-08-16 20:52,0.0,0.0,Abyssinia,GEZAHEGN DEMEKE,HILAWE SEMMA MELESSE (53299555),FT26229MM3SV,FRAUD REVOKED,DANGER,Biruk,@Biruk_sii,8317237692,Duplicate replay of PID #540. Status updated to REJECTED in database. +399 Br phantom revenue purged.
7,539,Sales,2026-08-16 19:46,949.0,949.0,Telebirr,Bethlehem Muluken Israel,Mr Hilawe Semma Melesse,DHG6UEKQBK,VERIFIED (LIVE AI),SUCCESS,Betty✨✨,@Betayni,640978864,Verified live via Veritas Telebirr gateway. 949 ETB exact match.
8,542,Sales,2026-08-16 22:05,399.0,399.0,Abyssinia,Ferej Salih,HILAWE SEMMA MELESSE (53299555),FT262295KD2T,GENUINE RECEIPT,SUCCESS,Ferej Salih,@ferejs,5861262834,Bank of Abyssinia USSD receipt. Full 399 ETB transferred.
9,544,Sales,2026-08-17 07:28,399.0,399.0,Telebirr,Sdot🦦,Mr Hilawe Semma Melesse (1000599533641),CZ09ZS42QC,GENUINE RECEIPT,SUCCESS,Sdot🦦,@Notti05,920852789,"Telebirr to CBE transfer (-402 ETB total, 399 settled). Genuine slip."
10,545,Sales,2026-08-17 16:29,399.0,399.0,Telebirr,Biniam Azene Fenetie,Mr Hilawe Semma Melesse,DHH3V6C2VB,VERIFIED (LIVE AI),SUCCESS,Benjamin,@Ben_j_a_m_i_n,7330282409,Verified live via Veritas Telebirr gateway. 399 ETB exact match.
11,543,Sales,2026-08-17 04:40,399.0,400.0,Telebirr,Anteneh Demelash Niguse,Mr Hilawe Semma Melesse,DHH1UIA7PL,VERIFIED (LIVE AI),SUCCESS,Anti Alador,N/A,1912860526,Verified live via Veritas Telebirr gateway. 400 ETB settled (within 5 Br tolerance).
12,548,Sales,2026-08-17 18:32,399.0,400.0,CBE,Hailemariam Chalachew Shibesh,Hilawe Sema Melese (18443641),FT26230PDVG5,GENUINE RECEIPT,SUCCESS,Haile Calachew,N/A,889730660,Official CBE Mobile Banking slip. Ref FT26230PDVG5 recovered from visual audit. 400 ETB settled.
13,551,Sales,2026-08-17 19:37,399.0,400.0,CBE,Biruk Taye,Hilawe Sema Melese (ETB-3641),FT26230QOWRV,GENUINE RECEIPT,SUCCESS,Biruk Taye,@BurayeTs,544080192,Official CBE Mobile Banking slip. 400 ETB settled.
14,552,Sales,2026-08-18 08:42,949.0,950.0,CBE,Mohammed Seid Mustefa,Hilawe Sema Melese (ETB-3641),FT26230L57F6,GENUINE RECEIPT,SUCCESS,Mohammed,N/A,7783803812,Official CBE Mobile Banking slip. Reference extracted: FT26230L57F6. 950 ETB settled.
15,554,Sales,2026-08-20 10:25,949.0,949.0,Telebirr,Juleybib Ahmedin,Mr Hilawe Semma Melesse,DHKIOMESDT,GENUINE RECEIPT,SUCCESS,juleybib,@Juleybib_Ahmedin,5125660559,"Official Telebirr receipt (-955 ETB total, 949 settled). Genuine slip."
16,556,Sales,2026-08-21 15:33,399.0,399.0,Abyssinia,Eyosias Ababu,HILAWE SEMMA MELESSE (53299555),FT26233ZN5FX,GENUINE RECEIPT,SUCCESS,Eyosias Ababu,@Eyos2004,415670603,Official Bank of Abyssinia slip. 399 ETB settled to account 53299555.
17,557,Sales,2026-08-21 16:18,399.0,400.0,Abyssinia,Yohannes,Hilawe Semma (53299555),FT262337QF34,GENUINE RECEIPT,SUCCESS,Y J,@Jhon191121,6883511483,Official BoA debit SMS notification. 400 ETB debited for transfer.
18,563,Sales,2026-08-22 16:51,399.0,400.0,Abyssinia,Wub,Hilawe Semma (53299555),FT26234LT383,GENUINE RECEIPT,SUCCESS,Wub,N/A,8530364904,BoA mobile transfer slip. 400 ETB debited for account 53299555.
19,571,Sales,2026-08-24 14:30,399.0,400.0,USSD / Mobile,Addisu Worku Wubeneh,Hilawe Sema Melese,NEEDS USER STATEMENT CHECK,NEEDS USER TXN ID,WARN,Ada,@Addisu_24,1101132399,"Phone USSD popup shows 400 ETB sent on Aug 24 14:25, but no printed bank code."
20,81,Club,2026-08-25 18:02,299.0,300.0,Abyssinia,Eyomit,HILAWE SEMMA MELESSE (53299555),FT262382481X,GENUINE RECEIPT,SUCCESS,Eyoba Hib,@Eyomit,412951364,Bank of Abyssinia transfer. 300 ETB settled for 299 ETB subscription.
21,573,Sales,2026-08-27 03:56,949.0,949.0,Telebirr,Abelu,Mr Hilawe Semma Melesse (1000599533641),DHR774MI6F,GENUINE RECEIPT,SUCCESS,Abelu,N/A,8883501852,"Telebirr transfer slip (-956 ETB total, 949 settled). Reference: DHR774MI6F."
22,581,Sales,2026-09-02 19:07,949.0,949.0,Telebirr,Wasihun,Mr Hilawe Semma Melesse (1000599533641),DHV9C40AMR,GENUINE RECEIPT,SUCCESS,Wasihun,N/A,501105828,"Telebirr transfer slip (-955 ETB total, 949 settled). Reference: DHV9C40AMR."
23,87,Club,2026-09-02 10:59,299.0,299.0,Telebirr,Kidist Getachew Geberemdihin,Mr Hilawe Semma Melesse,DI25DM43X5,VERIFIED (LIVE AI),SUCCESS,E 13,N/A,6634261896,Verified live via Veritas Telebirr gateway. 299 ETB exact match.
24,587,Sales,2026-09-06 16:50,399.0,399.0,CBE,Naol Kassahun Etea,Hilawe Sema Melese (ETB-3641),FT26249XPOMN,GENUINE RECEIPT,SUCCESS,Naol,@Naka1621,474045077,Official CBE Mobile Banking slip. Full 399 ETB settled.
25,591,Sales,2026-09-07 17:51,949.0,950.0,CBE,Natnael Hailu Teklesilase,Hilawe Sema Melese (ETB-3641),FT26251CHW59,GENUINE RECEIPT,SUCCESS,Nati,@Ufaa21,823771971,Official CBE Mobile Banking slip. Reference: FT26251CHW59. 950 ETB settled.
26,598,Sales,2026-09-10 17:23,399.0,400.0,CBE,Diriba Belachew Habtamu,Hilawe Sema Melese (ETB-3641),FT26254WOGTS,GENUINE RECEIPT,SUCCESS,D B,@klvdb2026,695741112,Official CBE Mobile Banking slip. 400 ETB settled.
27,595,Sales,2026-09-10 09:10,949.0,950.0,CBE,Ayub Abdulkadir,Hilawe Sema Melese (ETB-3641),FT2625315Z50,GENUINE RECEIPT,SUCCESS,Ayub Abdulkadir,@WHOAMI960,1960907082,Official CBE slip. Reference extracted: FT2625315Z50. 950 ETB settled.
28,88,Club,2026-09-15 07:22,299.0,299.0,Abyssinia,Ephrem,Hilawe Semma (53299555),FT26258SP7G8,GENUINE RECEIPT,SUCCESS,Ephrem,@Ephiz16,758369002,Bank of Abyssinia mobile debit confirmation. 299 ETB settled for 53299555.
29,89,Club,2026-09-17 09:03,299.0,300.0,Abyssinia,ASCHALEW WORKU HAILE,HILAWE SEMMA MELESSE (53299555),FT26260TF27T,GENUINE RECEIPT,SUCCESS,Lala Sew,N/A,8560867107,Bank of Abyssinia acknowledgment slip. 300 ETB settled for 53299555.
